<!DOCTYPE suite SYSTEM "https://testng.org/testng-1.1.dtd" >
<suite name="Regression Suite">
    <test name="Regression Test">
        <classes>
            <class name="Tests.TC01_LoginTest"/>
            <class name="Tests.TC02_AddAllProductTest"/>
            <class name="Tests.TC03_CartTest"/>
            <class name="Tests.TC04_CheckOutTest"/>
            <class name="Tests.TC05_OverviewTest"/>
            <class name="Tests.TC06_FinishingOrderTest"/>
        </classes>
    </test>
</suite>